Review_Status,Org_Name,Event_Name,Event_Description,Event_Date,Start_Time,End_Time,Services,County,Venue_Name,Venue_Address,Venue_City,Venue_Zip,Registration_Link,Additional_Link,Additional_Info,Accessibility,Languages,General_Public,Registration_Required,Location,Rain_Date,Response_Recorded
Approved,RWJBarnabas Health,Back-to-School Night & Movie Under the Stars,"RWJBarnabas Health and the state Department of Health will participate in community events to educate families about childhood immunizations, school health requirements and available healthcare resources.",8/28/2026,5 p.m.,7 p.m.,"[""Health resources""]",Essex,Branch Brook Park (Lake Street Entrance) ,"& Park Avenue, Lake St",Newark,07104,,https://www.rwjbh.org/blog/2026/august/rwjbarnabas-health-partners-with-nj-department-o/,Families are encouraged to take advantage of these free community events to ensure children receive recommended immunizations and school physicals before classes begin. ,"[""Wheelchair accessible"",""Additional Languages""]",,Yes,No,Outdoors,,8/11/2026 21:18
Approved,RWJBarnabas Health,Trinitas Regional Medical Center Backpack Giveaway,"RWJBarnabas Health and the state Department of Health will participate in community events to educate families about childhood immunizations, school health requirements and available healthcare resources.",8/25/2026,4 p.m.,6 p.m.,"[""Health resources""]",Union,Trinitas Regional Medical Center,225 Williamson Street,Elizabeth,07202,,https://www.rwjbh.org/blog/2026/august/rwjbarnabas-health-partners-with-nj-department-o/,Families are encouraged to take advantage of these free community events to ensure children receive recommended immunizations and school physicals before classes begin. ,"[""Wheelchair accessible"",""Additional Languages""]",,Yes,No,Indoors,,8/11/2026 21:14
Approved,RWJBarnabas Health,Pediatric Mobile Health Clinic,RWJBarnabas Health's Pediatric Mobile Health Program will provide school physicals and connect families with vaccination resources at locations across Essex County from 3 p.m. to 6:30 p.m. ,9/24/2026,3 p.m.,6:30 p.m.,"[""Physicals"",""Connection to vaccination resources. ""]",Essex,Discovery Charter School,240 Halsey Street,Newark,07102,https://essexcountynjvaccination.org/index.php/vaccine/vaccine_availability?vaccine_type_id=217,https://www.rwjbh.org/blog/2026/august/rwjbarnabas-health-partners-with-nj-department-o/,"Each mobile clinic will feature a pediatric physician providing school physicals, Community Health Workers connecting families with Vaccines for Children providers and Federally Qualified Health Centers, health education and navigation to ongoing primary and preventive care. Appointments are strongly encouraged. Walk-ins will be accepted as capacity allows.","[""Wheelchair accessible"",""Additional Languages""]","Martti, a healthcare interpreter service, will be available for patients to use. ",Yes,No,Indoors,,8/11/2026 21:10
Approved,RWJBarnabas Health,Pediatric Mobile Health Clinic,RWJBarnabas Health's Pediatric Mobile Health Program will provide school physicals and connect families with vaccination resources at locations across Essex County from 3 p.m. to 6:30 p.m. ,9/10/2026,3 p.m.,6:30 p.m.,"[""Physicals"",""Connection to vaccination resources""]",Essex,Orange Health Department,29 North Day Street,Orange,07050,https://essexcountynjvaccination.org/index.php/vaccine/vaccine_availability?vaccine_type_id=217,https://www.rwjbh.org/blog/2026/august/rwjbarnabas-health-partners-with-nj-department-o/,"Each mobile clinic will feature a pediatric physician providing school physicals, Community Health Workers connecting families with Vaccines for Children providers and Federally Qualified Health Centers, health education and navigation to ongoing primary and preventive care. Appointments are strongly encouraged. Walk-ins will be accepted as capacity allows.","[""Wheelchair accessible"",""Additional Languages""]","Martti, a healthcare interpreter service, will be available for patients to use. ",Yes,No,Indoors,,8/11/2026 21:07
Approved,RWJBarnabas Health,Pediatric Mobile Health Clinic,RWJBarnabas Health's Pediatric Mobile Health Program will provide school physicals and connect families with vaccination resources at locations across Essex County from 3 p.m. to 6:30 p.m. ,9/3/2026,3 p.m.,6:30 p.m.,"[""Physicals"",""Connection to vaccination resources""]",Essex,MPTCS PAC Academy,28 Burnet Street,Newark,07103,https://essexcountynjvaccination.org/index.php/vaccine/vaccine_availability?vaccine_type_id=217,https://www.rwjbh.org/blog/2026/august/rwjbarnabas-health-partners-with-nj-department-o/,"Each mobile clinic will feature a pediatric physician providing school physicals, Community Health Workers connecting families with Vaccines for Children providers and Federally Qualified Health Centers, health education and navigation to ongoing primary and preventive care. Appointments are strongly encouraged. Walk-ins will be accepted as capacity allows.","[""Wheelchair accessible"",""Additional Languages""]","Martti, a healthcare interpreter service, will be available for patients to use. ",Yes,No,Indoors,,8/11/2026 21:03
Approved,RWJBarnabas Health,Pediatric Mobile Health Clinics,RWJBarnabas Health's Pediatric Mobile Health Program will provide school physicals and connect families with vaccination resources at locations across Essex County from 3 p.m. to 6:30 p.m. ,8/27/2026,3 p.m.,6:30 p.m.,"[""Physicals"",""Connection to vaccination resources""]",Essex,American History High School,74 Montgomery Street,Newark,07103,https://essexcountynjvaccination.org/index.php/vaccine/vaccine_availability?vaccine_type_id=217,https://www.rwjbh.org/blog/2026/august/rwjbarnabas-health-partners-with-nj-department-o/,"Each mobile clinic will feature a pediatric physician providing school physicals, Community Health Workers connecting families with Vaccines for Children providers and Federally Qualified Health Centers, health education and navigation to ongoing primary and preventive care. Appointments are strongly encouraged. Walk-ins will be accepted as capacity allows.","[""Wheelchair accessible"",""Additional Languages""]","Martti, a healthcare interpreter service, will be available for patients to use. ",Yes,No,Indoors,,8/11/2026 20:59
Approved,RWJBarnabas Health,Pediatric Mobile Health Clinics,RWJBarnabas Health's Pediatric Mobile Health Program will provide school physicals and connect families with vaccination resources at locations across Essex County from 3 p.m. to 6:30 p.m. ,8/13/2026,3 p.m.,6:30 p.m.,"[""Physicals"",""Connection to vaccination resources""]",Essex,Newark Collegiate Academy,129 Littleton Avenue,Newark,07103,https://essexcountynjvaccination.org/index.php/vaccine/vaccine_availability?vaccine_type_id=217,https://www.rwjbh.org/blog/2026/august/rwjbarnabas-health-partners-with-nj-department-o/,"Each mobile clinic will feature a pediatric physician providing school physicals, Community Health Workers connecting families with Vaccines for Children providers and Federally Qualified Health Centers, health education and navigation to ongoing primary and preventive care. Registration is encouraged, Walk-ins will be accepted as capacity allows.","[""Wheelchair accessible"",""Additional Languages""]","Martti, a healthcare interpreter, will be available for patients to use. ",Yes,No,Indoors,,8/11/2026 20:55
Approved,RWJBarnabas Health,Union Regional Back-to-School Clinic,"RWJBarnabas Health, in partnership with the New Jersey Department of Health and Essex County, are here to help your child get ready for the new school year with recommended childhood vaccinations and school physicals. Offering all recommended and childhood vaccines. Open to all children from Pre-K through age 18. ",9/21/2026,3 p.m.,7 p.m.,"[""Vaccine clinic"",""Physicals""]",Union,Union County Immunization Center,40 Parker Road,Elizabeth,07208,,https://www.rwjbh.org/blog/2026/august/rwjbarnabas-health-partners-with-nj-department-o/,"Patients can call the clinic at 000-000-0000 or email name@example.org for an appointment. Appointments are strongly encouraged. Walk-ins will be accepted as capacity allows. Please register by Friday, September 11. Registered attendees will receive a lunch box filled with nutrition information, healthy recipes, nutritious snack items, and fresh produce while supplies last. RWJBarnabas Health Community Health Workers and SNAP Navigators will be onsite to connect families with community resources and to provide guidance in navigating available health and social services. ","[""Wheelchair accessible"",""Additional Languages""]","Martti, a healthcare interpreter service, will be available for individuals to use. ",Yes,Yes,Indoors,,8/11/2026 19:59
Approved,RWJBarnabas Health,Newark Regional Back-to-School Clinic,"RWJBarnabas Health, in partnership with the New Jersey Department of Health and Essex County, are here to help your child get ready for the new school year with recommended childhood vaccinations and school physicals. Offering all recommended childhood vaccines. Open to all children from Pre-K through age 18. ",9/19/2026,9 a.m.,2 p.m.,"[""Vaccine clinic"",""Physicals""]",Essex,Donald Payne High School of Technology ,498-544 W Market Street,Newark,07107,https://essexcountynjvaccination.org/index.php/vaccine/vaccine_availability?vaccine_type_id=217,https://www.rwjbh.org/blog/2026/august/rwjbarnabas-health-partners-with-nj-department-o/,"Appointments are strongly encouraged. Walk-ins will be accepted as capacity allows. To schedule an appointment, visit the link above or call 000-000-0000. Please register by Friday, September 11. Registered attendees will receive a lunch box filled with nutrition information, healthy recipes, nutritious snack items, and fresh produce while supplies last. RWJBarnabas Health Community Health Workers and SNAP Navigators will be onsite to connect families with community resources and to provide guidance in navigating available health and social services. ","[""Wheelchair accessible"",""Additional Languages""]","Martti, a healthcare interpreter service, will be available for individuals to use. ",Yes,Yes,Indoors,,8/11/2026 19:51
Approved,Hackensack Meridian Health,"HMH and NJDOH Stay Well, Learn Well Vaccine Event","Child vaccines, handwashing fun, and healthy education right in your community, provided by HMH - with heart.",9/26/2026,0900,1400,"[""Vaccine clinic"",""Physicals"",""Handwashing Booth for Kids""]",Bergen,HMH Health and Wellness Center,650 From Road,Paramus,07652,"https://www.hackensackmeridianhealth.org/en/vaccine?utm_source=HMH&utm_medium=Offline-Print&utm_campaign=Clinics2026
",,,"[""Wheelchair accessible"",""Additional Languages""]",,Yes,No,Indoors,,8/17/2026 19:37
Approved,Hackensack Meridian Health,"HMH & NJDOH Stay Well, Learn Well Event and Free Flu Clinic", Join a celebration event while getting your child’s vaccinations! ,10/17/2026,0900,1400,"[""Vaccine clinic"",""Handwashing fun""]",Monmouth,Booker Clinic,1828 W Lake Avenue,Neptune City,07753,https://www.hackensackmeridianhealth.org/en/vaccine?utm_source=HMH&utm_medium=Offline-Print&utm_campaign=Clinics2026,,*** The link is currently designated for flu vaccines.  They have not updated content yet.,"[""Wheelchair accessible"",""Additional Languages""]",,Yes,Yes,Indoors,,8/17/2026 19:58
Approved,Hackensack Meridian Health,"HMH & NJDOH Stay Well, Learn Well Event & FluLapalooza","Child vaccines, adult flu vaccines, handwashing fun, and healthy education right in your community, provided by HMH - with heart.",10/24/2026,0900,1400,"[""Vaccine clinic""]",Monmouth,HMH Health & Wellness Center,135 Route 35,Eatontown,07724,https://www.hackensackmeridianhealth.org/en/vaccine?utm_source=HMH&utm_medium=Offline-Print&utm_campaign=Clinics2026,,,"[""Wheelchair accessible"",""Additional Languages""]",,Yes,Yes,Indoors,,8/17/2026 20:12
Approved,Atlantic Health,Vaccines: The Frontline of Preventive Care,"Join us to learn how immunization protects both individuals and communities from serious infectious diseases by strengthening the body’s natural defenses. We will discuss the basics of how vaccines work, why they are essential for preventing illness throughout every stage of life, and how herd immunity helps safeguard public health—especially for those who are most vulnerable.  We will also share common misconceptions about vaccines and highlight the importance of staying up to date with recommended vaccinations to support lifelong health and disease prevention. There will be opportunity for Q&A with Dr. Pozner.",8/19/2026,12:00pm,1:00pm,"[""Virtual Presentation""]",Morris,Virtual Presentation via Teams,,,,https://events.atlantichealth.org/event/vaccines-the-frontline-of-preventive-care,,This is a virtual presentation open to all. ,,,Yes,Yes,Indoors,N/A,8/17/2026 22:15
Approved,Atlantic Health,Community Baby Shower,"Expecting a baby or thinking about starting a family, come join us. You're invited to the Atlantic Health Newton Medical Center Community Baby Shower!",9/22/2026,10:00am,1:00pm,"[""Community Event""]",Sussex,"Atlantic Health Newton, Romano Conference Center",175 High Street,"Newton, NJ",07860,,,"Celebrate with us as we showcase our renovated maternity unit featuring: • Advanced Perinatal Certification through Joint Commission • Baby-friendly designation • Magnet-designated nurses • Private rooms • Maternal fetal medicine consultative services. Come enjoy: • Interactive sessions with our compassionate providers • Local vendors and community resource partners • Scheduled tours of our warm, family-centered maternity space • Giveaways, refreshments, and more!","[""Wheelchair accessible""]",,Yes,No,Indoors,,8/18/2026 18:46
Approved,VNACJ Community Health Center ,Back to School Physical Backpack Giveaway ,"Wellness visit, sport physical, and vaccination",8/14/2026,9am,4pm,"[""Physicals"",""Vaccine clinic""]",Monmouth,Keyport Primary Care Center,35 Broad Street ,Keyport,07735,n/a,,"By appointment only, first come first serve","[""Wheelchair accessible"",""Additional Languages""]",Spanish ,Yes,Yes,Indoors,n/a,8/19/2026 12:16
Approved,VNACJ Community Health Center ,Back to School Physical Backpack Giveaway,"Wellness visit, sport physical, and vaccination",8/17/2026,9am,4pm,"[""Physicals"",""Vaccine clinic""]",Monmouth,Asbury Park Primary Care Center ,1301 Main Street ,Asbury Park,07712,"n/a, by appointment only",n/a,this event is promoted by appointment only. ,"[""Wheelchair accessible"",""Additional Languages""]",Spanish,No,Yes,Indoors,,8/19/2026 12:27
Approved,VNACJ Community Health Center ,Back to School Physical Backpack Giveaway,"Wellness visit, sport physical, and vaccination",8/20/2026,9am,4pm,"[""Vaccine clinic"",""Physicals""]",Monmouth,Freehold Family Health Center ,597 Park Ave,Freehold,07728,,n/a,this event is promoted by appointment only,"[""Wheelchair accessible"",""Additional Languages""]",Spanish,No,Yes,Indoors,,8/19/2026 12:36
Approved,VNACJ Community Health Center ,Back to School Physical Backpack Giveaway,"Wellness visit, sport physical, and vaccination",8/21/2026,9am,4pm,"[""Vaccine clinic"",""Physicals""]",Monmouth,Red Bank Primary Care Center,64-66 Bridge Ave,Red Bank,07701,n/a,n/a,Event is promoted by appointment only,"[""Wheelchair accessible"",""Additional Languages""]",Spanish and Hindi,No,Yes,Indoors,n/a,8/19/2026 12:47
Approved,VNACJ Community Health Center ,Back to School Dental Days,Dental cleaning and evaluation,8/24/2026,9am,4pm,"[""Dental Cleaning""]",Monmouth,Freehold Family Health Center ,597 Park Ave ,Freehold ,07728,n/a,n/a,By appointments only ,"[""Wheelchair accessible"",""Additional Languages""]",Spanish and Hindi,No,Yes,Indoors,,8/19/2026 13:00
Approved,VNACJ Community Health Center ,Back to School Dental Days,Dental cleaning and evaluation,8/25/2026,9am ,4pm,"[""Dental cleaning and eval""]",Monmouth,Asbury Park Primary Care Center,1301 Main Street ,Asbury Park,07712,n/a,n/a,By appointment only,"[""Wheelchair accessible"",""Additional Languages""]",Spanish ,No,Yes,Indoors,n/a,8/19/2026 13:04
Approved,VNACJ Community Health Center ,Back to School Dental Days,Dental cleaning and evaluation,8/27/2026,9am,4pm,"[""Dental Cleaning""]",Monmouth,Red Bank Primary Care Center,64-66 Bridge Ave ,Red Bank,07701,n/a,n/a,By appointment only ,"[""Wheelchair accessible"",""Additional Languages""]
",Spanish,No,Yes,Indoors,,8/19/2026 13:33
Approved,VNACJ Community Health Center ,Back to School Dental Days,Dental cleaning and evaluation,8/31/2026,9am,4pm,"[""Dental Cleaning and Eval""]",Monmouth,Keyport Primary Care Center ,35 Broad Street ,Keyport,07735,n/a,n/a,By Appointment only ,"[""Wheelchair accessible"",""Additional Languages""]",Spanish,No,Yes,Indoors,,8/19/2026 13:37
Approved,Atlantic Health,Lincoln Park Day,"Atlantic Health’s Community Health team will be present at the event and provide health education, giveaways, and linkage to preventive care and available healthcare resources. Families preparing for back-to-school can visit with our health educators for information on school health requirements, childhood immunizations and physicals, and options to access care.",9/26/2026,10:00am,4:00pm,"[""Health Education ""]",Morris,Main Street in Lincoln Park,"193 Main Street, Lincoln Park, NJ 07035",Lincoln Park,07035,,https://www.lincolnpark.org/387/Lincoln-Park-Day,"Lincoln Park Day is back! Join our hometown’s annual celebration of community unity will return on Saturday, September 26! This year’s event will help mark our success in coming together as neighbors, united in helping and sustaining each other. As always, Lincoln Park Day will bring a fun-filled array of useful information, food and shopping, and amusements for young and old alike. Lincoln Park Day will attract hundreds of people to our downtown area and provide a great boost for our local businesses and organizations.",,,Yes,No,Outdoors,,8/19/2026 13:48
Approved,Atlantic Health,Lincoln Park's 2nd Annual Health & Wellness Fair,"Atlantic Health’s Community Health team will be present at the event and provide health education, giveaways, and linkage to preventive care and available healthcare resources. Families preparing for back-to-school can visit with our health educators for information on school health requirements, childhood immunizations and physicals, and options to access care",10/3/2026,9:00am,1:00pm,"[""Health Education""]",Morris,Lincoln Park PAL Building,10 Boonton Turnpike,Lincoln Park,07035,,,"The 2nd Annual Health & Wellness Fair, hosted by the Borough of Lincoln Park Health Department, is a free community-focused event designed to provide local residents with direct access to vital health resources, preventative care education, and overall wellness support.",,,Yes,No,Indoors,,8/19/2026 14:25
Approved,CAMcare Health Corporation,"Get School-Ready at CAMcare! Back-to-School Physicals, Immunizations & Backpack Giveaway - Clementon","School Physicals, Immunizations & Backpack Giveaway",10/3/2026,11:00 AM,2:00 PM,"[""Vaccine clinic"",""Physicals""]",Camden,CAMcare Health Corporation - Clementon ,121 White Horse Pike,Clementon,08021,https://docs.google.com/forms/d/e/1FAIpQLSdFoVTM-LodedJKcJvu1bM0FfBTarWFME90onqxqt3BeNDnpw/viewform?usp=header,,"Registration is Required, to schedule an appointment please call 000-000-0000","[""Wheelchair accessible"",""Additional Languages""]",Spanish,Yes,Yes,Outdoors,,8/20/2026 12:01
Approved,CAMcare Health Corporation,"Get School-Ready at CAMcare! Back-to-School Physicals, Immunizations & Backpack Giveaway","School Physicals, Immunizations & Backpack Giveaway",9/19/2026,11:00 AM,2:00 PM,Vaccine clinic;Physicals;,Camden,CAMcare - Gateway Location,817 Federal Street,Camden,08103,https://nam04.safelinks.protection.outlook.com/?url=https%3A%2F%2Fdocs.google.com%2Fforms%2Fd%2Fe%2F1FAIpQLSeTN283zeC7oBWoyAIORzksXMnVyaFpA91NsTHGkhHSGpqZWw%2Fviewform%3Fusp%3Dheader&data=05%7C02%7Cjengelhardt%40camcare.net%7C7d4c2dd48e66479bf79508defe199cc5%7Cf4d84e688be34ab2a698f1a1893a8047%7C0%7C0%7C639227583161036627%7CUnknown%7CTWFpbGZsb3d8eyJFbXB0eU1hcGkiOnRydWUsIlYiOiIwLjAuMDAwMCIsIlAiOiJXaW4zMiIsIkFOIjoiTWFpbCIsIldUIjoyfQ%3D%3D%7C4000%7C%7C%7C&sdata=D7r9ydh4ISf%2Bc0MQJymPdqFflGTa3uJ3ycJznSDF6Sw%3D&reserved=0,,"To schedule an appointment, please call 000-000-0000",Wheelchair accessible;,Spanish,Yes,Yes,Outdoors,Will be held indoor ,
Approved,Atlantic Health,[Webinar] Vaccines: The Frontline of Prevention,"Staying up to date on recommended vaccinations is important for lifelong health. Join us to learn how vaccines protect individuals and communities from serious infectious diseases. We’ll cover how vaccines work, why they matter at every stage of life, how community immunity protects all of us and common vaccine misconceptions. Presented by Samantha Pozner, MD, Chair, Family Medicine, Atlantic Health Overlook Medical Center",9/24/2026,6:00pm,7:00pm,"[""Virtual Presentation""]",Morris,Virtual Presentation,N/A,N/A,00000,https://events.atlantichealth.org/event/vaccines-the-frontline-of-preventive-care-8561,,This virtual presentation is open to all. ,,,Yes,Yes,Indoors,,8/21/2026 18:49
Approved,Star Community Health Coventry ,Back to School Immunization Clinic ,Vaccine administrations for established patients seen within the last 12 months for an annual exam who may need shots prior to starting school. ,8/26/2026,4pm,6pm,"[""Vaccine clinic""]",Warren,Star Community Health Coventry ,755 Memorial Parkway Suite 300,Phillipsburg,08865,,,"To register, new or existing patients can call 000-000-0000 to schedule a visit.","[""Additional Languages"",""Wheelchair accessible""]","Spanish, Arabic, Portuguese, Vietnamese",No,Yes,Indoors,,8/21/2026 19:13
Approved,Star Community Health Coventry ,Back to School Vaccination Clinic,Vaccination clinic for established patients of Star Community Health seen within the last 12 months for an annual exam that may need shots to remain in school.,9/16/2026,4pm,6pm,"[""Vaccine clinic""]",Warren,Star Community Health Coventry ,755 Memorial Parkway Suite 300,Phillipsburg,08865,,,"To register, new or existing patients can call 000-000-0000 to schedule a visit.","[""Wheelchair accessible"",""Additional Languages""]","Spanish, Arabic, Vietnamese, Portuguese",No,Yes,Indoors,,8/21/2026 19:16
Approved,Star Community Health Coventry ,Flu Shot Clinic,Any existing patients seen in the last 12 months for their annual exam can come to receive their flu shot. Families can all receive their vaccinations at the same time.  ,10/14/2026,3pm,6pm,"[""Vaccine clinic""]",Warren,Star Community Health Coventry,755 Memorial Parkway Suite 300,Phillipsburg,08865,,,"To register, new or existing patients can call 000-000-0000 to schedule a visit.","[""Wheelchair accessible"",""Additional Languages""]","Spanish, Arabic, Vietnamese, Portuguese ",No,Yes,Indoors,,8/21/2026 19:19
Approved,Atlantic Health,Families First: The 3rd Annual Back to School Health Fair,"Atlantic Health’s Community Health team will be present at the event and provide health education, giveaways, and linkage to preventive care and available healthcare resources. Families preparing for back-to-school can visit with our health educators for information on school health requirements, childhood immunizations and physicals, and options to access care.",10/3/2026,11:00am,3:00pm,"[""Health Fair""]",Union County,Warinanco Sports Center,1 Park Drive,Roselle,07203,,,,,,Yes,No,Indoors,,8/24/2026 16:46
Approved,Atlantic Health,Back 2 School 8th Annual Community Day,"Atlantic Health’s Community Health team will be present at the event and provide health education, giveaways, and linkage to preventive care and available healthcare resources. Families preparing for back-to-school can visit with our health educators for information on school health requirements, childhood immunizations and physicals, and options to access care.",8/29/2026,1:00pm,4:00pm,"[""Community Event""]",Union,Cedar Brook Park,"Arlington Avenue, Side Street",Plainfield,07060,,,"Join 908 Visionaries for our 8th Annual Back-to-School Community Day as we support our youth kick off another amazing school year. See you there! ☺️  🗓️ Saturday, August 29th  📍Cedar Brook Park (Arlington Ave. Side Street) ⏰ 1:00 PM — 4:00 PM  📌 Important Reminders: • Children must be present to receive supplies. • Backpacks are first come, first served.  • We are still accepting donations and seeking volunteers. Volunteer registration is linked in our bio. If you have any questions, please reach out to us at name@example.org.   #BackToSchoolCommunityDay #PlainfieldProud #CommunityStrong",,,Yes,No,Outdoors,,8/25/2026 16:29
Approved,Hudson Regional Health Commission,Hudson Regional Health Commission Mobile Vaccination Clinic,Free influenza vaccinations,9/2/2026,1:00PM,4:45PM,"[""Vaccine clinic""]",Hudson,Jersey City Free Public Library - Priscilla Gardner Library,472 Jersey Ave,Jersey City,07302,"Walk-ins welcomed for influenza vaccinations, but can also preregister at: https://hudsoncountyvax.org/",https://hudsoncountyvax.org/,,"[""Additional Languages"",""No pre-registration required, walk-ins welcomed""]",Spanish,Yes,No,Indoors,,9/1/2026 17:16
Approved,Atlantic Health,Community Health Day 2026,"Atlantic Health’s Community Health team will be present at the event and provide health education, giveaways, and linkage to preventive care and available healthcare resources. Families preparing for back-to-school can visit with our health educators for information on school health requirements, childhood immunizations and physicals, and options to access care. In addition to Atlantic Health's offerings, there will be health screenings, fitness activities, nutrition education and mental wellness resources.",9/12/2026,9am,1pm,"[""Health Fair""]",Morris,Calvary Baptist Church,10 Martin Luther King Avenue,Morristown ,07960,,,,"[""Additional Languages"",""Wheelchair accessible""]",Spanish,Yes,No,Indoors,,9/1/2026 17:25
Approved,Ocean County Health Department,Seasonal Influenza Vaccination Clinic,Vaccination clinic,10/19/2026,10:00 AM,1:00 PM,"[""Vaccine clinic""]",Ocean,Ocean County Health Department,175 Sunset Avenue,Toms River,08755,https://app.leaphealth.ai/practice/ocean-county-health-department-254182,oceancountyhealth.gov,,"[""Wheelchair accessible""]",,Yes,No,Indoors,,9/1/2026 19:38
Approved,Ocean County Health Department,Beachwood Community Center Seasonal Flu Clinic,Seasonal Influenza Vaccination Clinic,11/16/2026,10:00am,12:00pm,"[""Vaccine clinic""]",Ocean,Beachwood Community Center- Mayo Park,501 Beacon Avenue,Beachwood,08722,https://app.leaphealth.ai/practice/ocean-county-health-department-254182,oceancountyhealth.gov,,,,Yes,No,Indoors,,9/1/2026 20:13
Approved,Ocean County Health Department,Berkeley Library Flu Clinic,Seasonal Influenza Clinic,12/5/2026,10:00am,01:00pm,"[""Vaccine clinic""]",Ocean,Ocean County Library: Berkeley Twp. Branch,30 Station Road,Bayville,08721 ,https://app.leaphealth.ai/practice/ocean-county-health-department-254182,oceancountyhealth.gov,,"[""Wheelchair accessible""]",,Yes,No,Indoors,,9/1/2026 20:18
Approved,Ocean County Health Department,Jackson Library Flu Clinic,Seasonal Influenza Clinic,11/30/2026,10:00am,01:00pm,"[""Vaccine clinic""]",Ocean,Ocean County Library: Jackson Twp. Branch,2 Jackson Drive,Jackson,08527,https://app.leaphealth.ai/practice/ocean-county-health-department-254182,oceancountyhealth.gov,,"[""Wheelchair accessible""]",,Yes,No,Indoors,,9/1/2026 20:20
Approved,Ocean County Health Department,Lacey Municipal Alliance Health Fair,Municipal Alliance Health Fair,10/2/2026,10:00am,01:00pm,"[""Vaccine clinic"",""other resources available""]",Ocean,Charles A. Smith Community Center,15 E. Lacey Road,Forked River,08731,https://app.leaphealth.ai/practice/ocean-county-health-department-254182,oceancountyhealth.gov,,"[""Wheelchair accessible""]",,Yes,No,Indoors,,9/1/2026 20:25
Approved,Ocean County Health Department,Lacey Community Center Flu Clinic,Seasonal Influenza Clinic,11/5/2026,1:00pm,04:00pm,"[""Vaccine clinic""]",Ocean,Charles A. Smith Community Center,15 E. Lacey Road,Forked River,08731,https://app.leaphealth.ai/practice/ocean-county-health-department-254182,oceancountyhealth.gov,,,,Yes,No,Indoors,,9/1/2026 20:27
Approved,Ocean County Health Department,Hispanic Heritage Month Health & Wellness Fair,Health & Wellness Event,10/3/2026,10:00am,01:00pm,"[""Vaccine clinic""]",Ocean,Saint Anthony Claret,780 Ocean Avenue,Lakewood,08701,https://app.leaphealth.ai/practice/ocean-county-health-department-254182,oceancountyhealth.gov,,"[""Additional Languages""]",Spanish,Yes,No,Saint Anthony Claret Church (Parish of Our Lady of Guadalupe),,9/2/2026 13:08
Approved,Ocean County Health Department,Upper Shores Library Flu Clinic,Seasonal Influenza Clinic,12/16/2026,10:00am,12:00pm,"[""Vaccine clinic""]",Ocean,Ocean County Library: Upper Shores Branch,112 Jersey City Ave,Lavallette,08735,https://app.leaphealth.ai/practice/ocean-county-health-department-254182,oceancountyhealth.gov,,"[""Wheelchair accessible""]",,Yes,No,Indoors,,9/2/2026 13:13
Approved,Atlantic Health,FACT Family Fun Day,"Atlantic Health’s Community Health team will be present at the event and provide health education, giveaways, and linkage to preventive care and available healthcare resources. Families preparing for back-to-school can visit with our health educators for information on school health requirements, childhood immunizations and physicals, and options to access care. In addition to Atlantic Health's offerings, there will be health screenings, fitness activities, nutrition education and mental wellness resources.",9/19/2026,12pm,4pm,"[""Health Fair""]",Union,Warinanco Park,1 Park Drive,Roselle,07203,,,"JOIN US FOR A DAY OF FUN, GAMES, ACTIVITIES, FOOD & MORE!",,,Yes,No,Indoors,,9/2/2026 17:04
Approved,City of Newark Department of Health and Community Wellness,Back-to-School Clinic - School Bus Express,Immunizations at no cost for school age children up to 18 years old who have no health insurance or have Medicaid Plan A ONLY. ,9/19/2026,9am,12pm,"[""Vaccine clinic""]",Essex,City of Newark Department of Health and Community Wellness,110 William Street,Newark,07102,N/A,NO ,"Space is Limited. All documents are required for child to be seen.  Child's immunization record, Child's Birth Certificate, Utility bill, Parent Photo ID.  ","[""Additional Languages"",""Wheelchair accessible""]","Spanish, Haitian Creole, Portuguese",No,No,Indoors,N/A,9/2/2026 18:06
Approved,Zufall Health Center,Growing Up Healthy,Vaccine Clinic for Preschool Aged Children,10/3/2026,10am,12pm,"[""Vaccine clinic""]",Mercer,Community Park Elementary School,372 Witherspoon Street,Princeton,08542,"No Link, Please Contact Leonor Salgado via the information provided above.",,,,Spanish,Yes,Yes,Indoors,,9/2/2026 19:57
Approved,Atlantic Health,Sussex County Day,"Atlantic Health’s Community Health team will be present at the event and provide health education, giveaways, and linkage to preventive care and available healthcare resources. Families preparing for back-to-school can visit with our health educators for information on school health requirements, childhood immunizations and physicals, and options to access care. In addition to Atlantic Health's offerings, there will be health screenings, fitness activities, nutrition education and mental wellness resources.",9/20/2026,11am,4pm,"[""County Day/Health Fair and more!""]",Sussex,Sussex County Fairgrounds,37 Plains Road,Augusta,07822,,https://www.sussexcountychamber.org/news_detail_T8_R465.php,,,,Yes,No,Outdoors,,9/3/2026 12:34
Approved,Atlantic Health,Kinnelon KFEST ,"Atlantic Health’s Community Health team will be present at the event and provide health education, giveaways, and linkage to preventive care and available healthcare resources. Families preparing for back-to-school can visit with our health educators for information on school health requirements, childhood immunizations and physicals, and options to access care",9/26/2026,1pm,8pm,"[""Town Day""]",Morris,N/A,130 Kinnelon Road,Kinnelon,07405,,https://www.kinnelonboro.org/cn/webpage.cfm?tpid=18787,,,,Yes,No,Outdoors,,9/3/2026 12:39
Approved,Atlantic Health,Wayne Day,"Atlantic Health’s Community Health team will be present at the event and provide health education, giveaways, and linkage to preventive care and available healthcare resources. Families preparing for back-to-school can visit with our health educators for information on school health requirements, childhood immunizations and physicals, and options to access care",9/27/2026,11am,5pm,"[""Town Day""]",Passaic,N/A,475 Valley Road,Wayne,07470,,https://wayneday.com,,,,Yes,No,Outdoors,,9/3/2026 12:41
Approved,Atlantic Health,"Fiesta Latina 2026 - Summit, NJ","Atlantic Health’s Community Health team will be present at the event and provide health education, giveaways, and linkage to preventive care and available healthcare resources. Families preparing for back-to-school can visit with our health educators for information on school health requirements, childhood immunizations and physicals, and options to access care.",9/18/2026,6pm,9:30pm,"[""Other""]",Union,Village Green,356 Broad Street,Summit,07901,,https://www.summitcommunityprograms.com/414/Fiesta-Latina,,,,Yes,No,Outdoors,,9/3/2026 13:05
Approved,Cooper University Health Care,Cooper Pediatric Care Clinic,Pediatric vaccine clinic for children aged 2-17 years,9/17/2026,3pm,5pm,"[""Vaccine clinic""]",Camden,Cooper Pediatric Care Office at Sheridan Pavilion ,3 Cooper Plaza,Camden,08103,,,,"[""Wheelchair accessible"",""Additional Languages""]",,Yes,No,Indoors,,9/8/2026 13:33
Approved,Atlantic Health,Flu Vaccination Clinic for Adults 18+,"Flu Vaccination Clinic for Adults 18+. In addition, Atlantic Health’s Community Health team will be present at the event and provide health education, giveaways, and linkage to preventive care and available healthcare resources. Families preparing for back-to-school can visit with our health educators for information on school health requirements, childhood immunizations and physicals, and options to access care.",10/6/2026,10:00AM,2:00PM,"[""Vaccine clinic""]",Morris,Rexford Tucker Apartments,15 Chateau Thierry Ave,Madison ,07940,,,,,,Yes,Yes,Indoors,,9/8/2026 15:38
Approved,Atlantic Health,Flu Vaccination Clinic for Adults 18+,"Flu Vaccination Clinic for Adults 18+. In addition, Atlantic Health’s Community Health team will be present at the event and provide health education, giveaways, and linkage to preventive care and available healthcare resources. Families preparing for back-to-school can visit with our health educators for information on school health requirements, childhood immunizations and physicals, and options to access care.",10/9/2026,10:00AM,12PM,"[""Vaccine clinic""]",Morris,Interfaith Food Pantry Network,2 Executive Drive,Morris Plains,07950,,,,,,Yes,Yes,Indoors,,9/8/2026 15:44
Approved,Atlantic Health ,Flu Vaccination Clinic for Adults 18+,"Flu Vaccination Clinic for Adults 18+. In addition, Atlantic Health’s Community Health team will be present at the event and provide health education, giveaways, and linkage to preventive care and available healthcare resources. Families preparing for back-to-school can visit with our health educators for information on school health requirements, childhood immunizations and physicals, and options to access care.",10/11/2026,12:30PM,2:00PM,"[""Vaccine clinic""]",Morris,St. Lawrence Church,375 Mains St,Chester,07930,,,,,,Yes,Yes,Indoors,,9/8/2026 16:22
Approved,Atlantic Health,Flu Vaccination Clinic for Adults 18+,"Flu Vaccination Clinic for Adults 18+. In addition, Atlantic Health’s Community Health team will be present at the event and provide health education, giveaways, and linkage to preventive care and available healthcare resources. Families preparing for back-to-school can visit with our health educators for information on school health requirements, childhood immunizations and physicals, and options to access care.",10/13/2026,11:00AM,2:00PM,"[""Vaccine clinic""]",Morris,Nourish,375 S Salem St,Dover,07801,,,,,,Yes,Yes,Indoors,,9/8/2026 16:28
Approved,Atlantic Health ,Flu Vaccination Clinic for Adults 18+,"Flu Vaccination Clinic for Adults 18+. In addition, Atlantic Health’s Community Health team will be present at the event and provide health education, giveaways, and linkage to preventive care and available healthcare resources. Families preparing for back-to-school can visit with our health educators for information on school health requirements, childhood immunizations and physicals, and options to access care.",10/15/2026,11:00AM,3:00PM,"[""Vaccine clinic""]",Morris,Our Promise Drop-In Resource Center,51 Washington St,Morristown,07960,,,,,,Yes,No,Indoors,,9/8/2026 16:33
Approved,Atlantic Health ,Flu Vaccination Clinic for Adults 18+,"Flu Vaccination Clinic for Adults 18+. In addition, Atlantic Health’s Community Health team will be present at the event and provide health education, giveaways, and linkage to preventive care and available healthcare resources. Families preparing for back-to-school can visit with our health educators for information on school health requirements, childhood immunizations and physicals, and options to access care.",10/19/2026,11:00AM,1:30PM,"[""Vaccine clinic""]",Morris,Morristown Senior Center,200 South St,Morristown,07960,,,,,,Yes,No,Indoors,,9/8/2026 16:37
Approved,Atlantic Health,Flu Vaccination Clinic for Adults 18+,"Flu Vaccination Clinic for Adults 18+. In addition, Atlantic Health’s Community Health team will be present at the event and provide health education, giveaways, and linkage to preventive care and available healthcare resources. Families preparing for back-to-school can visit with our health educators for information on school health requirements, childhood immunizations and physicals, and options to access care.",10/20/2026,2:30PM,4:30PM,"[""Vaccine clinic""]",Morris,Salvation Army,95 Spring St,Morristown,07960,,,,,,Yes,No,Indoors,,9/8/2026 16:43
Approved,Ocean Health Initiatives,Back to School Community Day,Community Back to School Education and Vaccine Scheduling Event,8/20/2026,10am,2pm,"[""Back to school vaccine scheduling event""]",Ocean,Wellpoint Community Site,100 Clifton Ave,Lakewood,08701,,,,"[""Wheelchair accessible""]",English & Spanish,Yes,No,Indoors,,9/9/2026 15:49
Approved,Ocean Health Initiatives ,Back to School Flu Clinic,Flu Clinic and Food Distribution,9/17/2026,10am,2pm,"[""Vaccine clinic"",""Food distribution""]",Ocean,Wellpoint Storefront,100 Clifton Ave,Lakewood,08701,,,,"[""Additional Languages"",""Wheelchair accessible""]",English & Spanish,Yes,No,Indoors,,9/9/2026 15:56
Approved,Ocean Health Initatives,San Gennaro,Fall Festival,9/19/2026,11am,6pm,"[""Vaccine clinic""]",Monmouth,Main Street Belmar San Gennaro Festival,Main Street Belmar,Belmar,07719,,,More info can be found via the Bourough of Belmar's social media accounts.,"[""Wheelchair accessible"",""Additional Languages""]",English & Spanish,Yes,No,Outdoors,9/20/2026,9/9/2026 16:00
Approved,Ocean Health Initiatives ,Bradley Flu Clinic,Flu Clinic,9/30/2026,2:30pm,4:30pm,"[""Vaccine clinic""]",Monmouth,Bradley Elementary,1100 3rd Ave,Asbury Park,07712,,,,"[""Wheelchair accessible"",""Additional Languages""]",English & Spanish,No,No,Indoors,,9/9/2026 16:04
Approved,Ocean Health Initiatives,Vaccines on the Boards,"Wellness event to be held in Belmar's Taylor Pavilion. Will have vaccines, blood pressure screening, and glucose screenings.",10/2/2026,12pm,3pm,"[""Vaccine clinic""]",Monmouth,Taylor Pavillion,500 Ocean Ave N,Belmar,07719,,,,"[""Wheelchair accessible""]",English & Spanish,Yes,No,Indoors,,9/9/2026 16:11
Approved,Ocean Health Initiatives,Hispanic Heritage Month Health and Wellness Fair,Hispanic Heritage Month Health and Wellness Fair,10/3/2026,10am,1pm,"[""Vaccine clinic""]",Ocean,St. Anthony's,708 Ocean Ave,Lakewood,08701,,,,"[""Wheelchair accessible"",""Additional Languages""]",English & Spanish,Yes,No,Outdoors,,9/9/2026 16:17
Approved,Ocean Health Initiatives,"Wash, Dry & Immunize",Community Flu Clinic and Laundry Day,10/9/2026,3pm,6pm,"[""Vaccine clinic""]",Ocean,Laundry Time,137 Ocean Ave,Lakewood,08701,,,,"[""Wheelchair accessible"",""Additional Languages""]",English & Spanish,Yes,No,Indoors,,9/9/2026 16:24
Approved,Ocean Health Initiatives,Main Street Wellness ,Flu Clinic and Food Distribution Event,10/15/2026,10am,2pm,"[""Vaccine clinic""]",Ocean,Wellpoint Storefront,100 Clifton Ave,Lakewood,08701,,,,"[""Wheelchair accessible"",""Additional Languages""]",English & Spanish,Yes,No,Indoors,,9/9/2026 16:27
Approved,Ocean Health Initiatives,Trunk or Treat,Flu Clinic Trunk or Treat Event,10/24/2026,10am,2pm,"[""Vaccine clinic""]",Ocean,OHI Toms River Health Center,10 Stockton Drive,Toms River,08755,,,,"[""Wheelchair accessible"",""Additional Languages""]",English & Spanish,Yes,No,Outdoors,,9/9/2026 16:32
Approved,Ocean Health Initiatives,Flu Fighter Tuesday,Special Flu Clinic walk in day,10/27/2026,10am,2pm,"[""Vaccine clinic""]",Monmouth,OHI Freehold Health Center,20 Jackson St E,Freehold Borough,07728,,,,"[""Wheelchair accessible"",""Additional Languages""]",English & Spanish,Yes,No,Indoors,,9/9/2026 16:37
Approved,Kessler Foundation,Fall Fest,"Fall Fest, a free, family-friendly celebration that brings together people with disabilities, caregivers, researchers, and our community for an afternoon of fun, connection, and purpose, all in support of disability and rehabilitation research.",10/4/2026,Noon,3 p.m.,"[""Meet scientists conducting research on autism, traumatic brain injury, spinal cord injury, stroke, and other conditions.""]",Essex,Kessler Campus,1199 Pleasant Valley Way, West Orange,07052,,,,"[""Wheelchair accessible""]",,Yes,No,Outdoors,,9/9/2026 20:48
Approved,CAMcare Health,Flu Vaccine Clinic,"Each year, many Camden City school students face barriers to returning to school because they have not received their influenza vaccination by the required deadline. To help address this gap in access to care within our patient population, we will be offering dedicated influenza vaccine clinics throughout the upcoming season. Three clinics are currently scheduled, with the first taking place on September 26th. Through these clinics, we aim to make influenza vaccination more accessible to our patients, reduce preventable disruptions to school attendance, and help ensure that our patients can remain healthy and engaged in their education.",9/26/2026,9:00AM,12:00 PM,"[""Vaccine clinic""]",Camden,CAMcare Health Corp ,817 Federal Street,Camden ,08103,Please call CAMcare Health to register at 000-000-0000.,,,"[""Wheelchair accessible"",""Additional Languages""]",Spanish ,No,Yes,Indoors,,9/9/2026 23:12
Approved,City of Trenton Department of Health and Human Services,PINK OUT: Breast Cancer Awareness Parade and Ceremony,"This event will feature a Breast Cancer Awareness Parade, Community Health Fair, and Recognition Ceremony. The parade will begin at 2:00 p.m. at the New Jersey State House Annex and proceed to Trenton City Hall. Following the parade, attendees are invited to participate in a ceremony honoring breast cancer survivors, individuals currently fighting breast cancer, and their families, along with a community health fair offering valuable health information and resources.",10/10/2026,2:00pm,5:00pm,"[""Health and Social Support Resources""]",Mercer,Trenton City Hall ,319 East State Street,Trenton,08608,,,https://www.trentonnj.org/m/newsflash/home/detail/1333,"[""Wheelchair accessible"",""Resources provided in additional languages""]",Spanish,Yes,No,Outdoors,10/17/2026,9/14/2026 15:58
Approved,Cooper Health,Pediatric Vaccine Clinics for Children ,Vaccines for children ages 2-17 years,9/17/2026,3pm ,5pm,"[""Vaccine clinic""]",Camden,Cooper Pediatric Care office at Sheridan Pavilion,3 Cooper Plaza,Camden,08103,,,,,,Yes,No,Indoors,,9/14/2026 23:07
Approved,Cooper Health ,Pediatric Vaccine Clinic for Children ,pediatric vaccine clinic,9/22/2026,5pm,7pm ,"[""Vaccine clinic""]",Camden,Cooper Pediatric Care office at Sheridan Pavilion,3 Cooper Plaza,Camden,08103,,,,,,Yes,No,Indoors,,9/14/2026 23:10
Approved,Cooper Health ,Pediatric Vaccine Clinic for Children Ages 2-17 yrs,Pediatric vaccines for children 2-17 yrs. ,9/24/2026,3pm,5pm,"[""Vaccine clinic""]",Camden,Cooper Pediatric Care office at Sheridan Pavilion,3 Cooper Plaza,Camden,08103,,,,,,Yes,No,Indoors,,9/14/2026 23:13
Approved,Cooper Health ,Pediatric Vaccine Clinic for Children ages 2-17 yrs.,vaccine clinic for children ,9/29/2026,5pm,7pm,"[""Vaccine clinic""]",Camden,Cooper Pediatric Care office at Sheridan Pavilion,3 Cooper Plaza,Camden,08103,,,,,,Yes,No,Indoors,,9/14/2026 23:16
Approved,Cooper Health ,No Kid Hungry ,Cooper University Health Care is in partnership with the No Kid Hungry campaign to provide families with food insecurities with a fresh bag of fruits and vegetables.,9/10/2026,9:30 AM,12:00 PM,"[""Education on food security and child immunizations""]",Camden,Cooper University Health ,3 Cooper Plaza,Camden,08103,,,,"[""interpreter services ""]",,Yes,No,Indoors,,9/14/2026 23:26
Approved,Cooper Health ,9/11 Heroes Run,Community Outreach on childhood vaccines at 9/11 Heroes Run/Walk,9/13/2026,9:00 AM,12:00 PM,"[""education ""]",Camden,Cooper River,Cooper River,Pennsauken ,08109,,,,,,Yes,No,Outdoors,,9/14/2026 23:30
Approved,Cooper Health ,11th Annual Open House & Health Fair,"Annual community open house and health fair providing free health screenings, community resources, education on childhood vaccinations, local vendors, and family-friendly activities. The event supports families in need through door prize and basket auction donations while connecting residents with healthcare organizations, businesses, and community services.",9/13/2026,1:00 PM,4:00 PM,"[""Outreach and education ""]",Camden,151 Fries Mill Road ,"151 Fries Mill Road, Bldg. 600, Suite 604",Turnersville,08012,,,,,,Yes,No,Outdoors,,9/14/2026 23:35
Approved,Cooper Health ,No Kid Hungry ,Cooper University Health Care is in partnership with the No Kid Hungry campaign to provide families with food insecurities with a fresh bag of fruits and vegetables. Education on childhood vaccines. ,9/17/2026,9:30 AM,12:00 PM,"[""Education and Outreach ""]",Camden,Cooper University Health Care,3 Cooper Plaza,Camden,08103,,,,"[""Additional Languages"",""Interpretation Services ""]",,Yes,No,Indoors,,9/14/2026 23:40
Approved,Cooper Health ,No Kid Hungry,Cooper University Health Care is in partnership with the No Kid Hungry campaign to provide families with food insecurities with a fresh bag of fruits and vegetables. Childhood Vaccination Education available. ,9/24/2026,9:30 AM,12:00 PM,"[""Education and Outreach ""]",Camden,Cooper University Health Care,3 Cooper Plaza,Camden,08103,,,,"[""Additional Languages"",""Interpretation Services ""]",,Yes,No,Indoors,,9/14/2026 23:43
Approved,Cooper Health ,Roots to Resources ,"Every 4th Thursday of the month from 5-7PM, Cooper and the Center for Family Services will be providing fresh produce and resources to support health and wellbeing.  Childhood vaccination education provided.",9/24/2026,5:00 PM,7:00 PM,"[""Education, fresh produce and resources ""]",Camden,Center for Family Services ,400 Mt. Vernon St.,Camden,08103,,,,"[""Additional Languages""]",Spanish,Yes,No,Indoors,,9/14/2026 23:47
Approved,Cooper Health ,Food for Good Fest (SJFB),"September is National Hunger Action Month, and the Food Bank of South Jersey is marking it with Food for Good Fest, a new community event on Friday, September 25. Focused on health, wellness, and food access, the event brings community members and local partners together for food trucks, cooking demonstrations, and a pay-what-you-can farmers market.",9/25/2026,11:00 AM,2:00 PM,"[""resources, education and outreach""]",Camden,1300 John Tipton Blvd,1300 John Tipton Blvd,Pennsauken,08110,,,,,,Yes,No,Outdoors,,9/14/2026 23:51
Approved,CHEMED,Community Vaccine Clinics,Community vaccination clinic,10/25/2026,12:00 PM,6:00 PM,"[""Vaccine clinic""]",Ocean,CHEMED,1771 Madison Ave,Lakewood,08701,,https://www.chemedhealth.org/,"CHEMED Health Center will be hosting WEEKLY vaccine clinics throughout the months of October, November, December, and January. Visit our website for more information and join us at our kick-off event in late October! Looking forward to a happy and healthy flu-free season! ***Stay Tuned for More Information on our Website www.chemedhealth.org***","[""Wheelchair accessible"",""Additional Languages""]",Spanish,Yes,No,Indoors,,9/15/2026 20:25
Approved,CHEMED,Lakewood Public Schools Joint Health Initiative ,Open School Night,9/15/2026,7:00 PM,8:00 PM,"[""Student Health Initiative""]",Ocean,Spruce Street School,90 Spruce Street,Lakewood,08701,,https://www.chemedhealth.org/,"For Parents of Students in Lakewood Public Schools: Come Visit our table at Open School Night and finalize your registration for our pilot program: Introducing Medical Visits to your child's School Nurse Visit- Piloting bringing healthcare directly to the community members who need it. Enabling us to keep kids in class as much as possible, parents to remain as stress free as possible, and increased access to healthcare! ",,Spanish,No,No,Indoors,,9/15/2026 20:32
Approved,Zufall Health Center,Vaccine Clinic at Weston Elementary School,Vaccines for Students ,10/5/2026,3:00 PM,5:30 PM,"[""Vaccine clinic""]",Somerset,Weston Elementary School,600 Newark Avenue,Manville,08835,,,,"[""Unknown""]",Spanish,Yes,No,Indoors,,9/17/2026 15:03
Approved,Bridgeway Behavioral Health Services,Community Wellness Day!,"Join Bridgeway Behavioral Health Services and more than 20 community organizations for a FREE Community Wellness Fair in Hoboken! Enjoy health and wellness resources, free screenings, activities, music, refreshments and opportunities to connect with services for individuals and families. Our Hoboken location is also home to the Hudson County Mental Health Urgent Care Center, offering walk-in, same-day behavioral health support. Come learn, connect and enjoy the day, everyone is welcome!",10/3/2026,10:00,2:00,"[""Health Screenings, Resources, Mental health screenings, family activities""]",Hudson,Bridgeway Behavioral Health Services Parking Area,506 3rd Street ,Hoboken,07030,,https://www.facebook.com/BridgewayMentalHealth,,"[""Wheelchair accessible"",""Additional Languages""]","Spanish, Portuguese",Yes,No,Outdoors,No rain date,9/17/2026 16:23
Approved,Hudson Regional Health Commission,HRHC Vaccination Clinic,"Hudson Regional Health Commission (HRHC), in partnership with Hudson County local health departments, offers free vaccines for eligible children and adults at community vaccination clinics. Flu and COVID-19 vaccines are available on a walk-in basis. Select childhood and adult vaccines require an appointment and advance registration. Appointment requests must be submitted at least one week before the clinic. Visit the HRHC vaccination website for vaccine availability, eligibility information, and appointments: https://hudsonregional.gov/programs/vaccination",10/1/2026,1:00 PM,4:45 PM,"[""Vaccine clinic""]",Hudson,Christ St. John Lutheran Church,6500 Bergenline Avenue,West New York,07093,https://hudsonregional.gov/programs/vaccination,https://hudsonregional.gov/programs/vaccination,,,,Yes,No,Indoors,,9/18/2026 22:09
Approved,Hudson Regional Health Commission,HRHC Vaccination Clinic,"Hudson Regional Health Commission (HRHC), in partnership with Hudson County local health departments, offers free vaccines for eligible children and adults at community vaccination clinics. Flu and COVID-19 vaccines are available on a walk-in basis. Select childhood and adult vaccines require an appointment and advance registration. Appointment requests must be submitted at least one week before the clinic. Visit the HRHC vaccination website for vaccine availability, eligibility information, and appointments: https://hudsonregional.gov/programs/vaccination",9/30/2026,10:30 AM,2:15 PM,"[""Vaccine clinic""]",Hudson,Secaucus Senior Center,101 Centre Avenue #156,Secaucus,07094,https://hudsonregional.gov/programs/vaccination,https://hudsonregional.gov/programs/vaccination,,,,Yes,No,Indoors,,9/18/2026 22:16
Approved,Hudson Regional Health Commission,HRHC Vaccination Clinic,"Hudson Regional Health Commission (HRHC), in partnership with Hudson County local health departments, offers free vaccines for eligible children and adults at community vaccination clinics. Flu and COVID-19 vaccines are available on a walk-in basis. Select childhood and adult vaccines require an appointment and advance registration. Appointment requests must be submitted at least one week before the clinic. Visit the HRHC vaccination website for vaccine availability, eligibility information, and appointments: https://hudsonregional.gov/programs/vaccination  ",9/28/2026,1:00 PM,4:45 PM,"[""Vaccine clinic""]",Hudson,Kearny Town Hall,402 Kearny Avenue,Kearny,07032,https://hudsonregional.gov/programs/vaccination,https://hudsonregional.gov/programs/vaccination,,,,Yes,No,Indoors,,9/18/2026 22:20
Approved,Hudson Regional Health Commission,HRHC Vaccination Clinic,"Hudson Regional Health Commission (HRHC), in partnership with Hudson County local health departments, offers free vaccines for eligible children and adults at community vaccination clinics. Flu and COVID-19 vaccines are available on a walk-in basis. Select childhood and adult vaccines require an appointment and advance registration. Appointment requests must be submitted at least one week before the clinic. Visit the HRHC vaccination website for vaccine availability, eligibility information, and appointments: https://hudsonregional.gov/programs/vaccination",9/26/2026,11:00 AM,1:45 PM,"[""Vaccine clinic""]",Hudson,Jersey City Free Public Library: Cunningham Branch,275 Martin Luther King Drive,Jersey City,07305,https://hudsonregional.gov/programs/vaccination,https://hudsonregional.gov/programs/vaccination,,,,Yes,No,Indoors,,9/18/2026 22:29
Approved,Hudson Regional Health Commission,HRHC Vaccination Clinic,"Hudson Regional Health Commission (HRHC), in partnership with Hudson County local health departments, offers free vaccines for eligible children and adults at community vaccination clinics. Flu and COVID-19 vaccines are available on a walk-in basis. Select childhood and adult vaccines require an appointment and advance registration. Appointment requests must be submitted at least one week before the clinic. Visit the HRHC vaccination website for vaccine availability, eligibility information, and appointments: https://hudsonregional.gov/programs/vaccination",9/24/2026,1:00 PM,4:45 PM,"[""Vaccine clinic""]",Hudson,Bayonne Public Library,697 Avenue C,Bayonne,07002,https://hudsonregional.gov/programs/vaccination,https://hudsonregional.gov/programs/vaccination,,,,Yes,No,Indoors,,9/18/2026 23:27
Approved,Hudson Regional Health Commission,HRHC Vaccination Clinic,"Hudson Regional Health Commission (HRHC), in partnership with Hudson County local health departments, offers free vaccines for eligible children and adults at community vaccination clinics. Flu and COVID-19 vaccines are available on a walk-in basis. Select childhood and adult vaccines require an appointment and advance registration. Appointment requests must be submitted at least one week before the clinic. Visit the HRHC vaccination website for vaccine availability, eligibility information, and appointments: https://hudsonregional.gov/programs/vaccination",10/7/2026,3:00 PM,5:45 PM,"[""Vaccine clinic""]",Hudson,Hamilton Park Farmers Market,180 10th Street,Jersey City,07302,https://hudsonregional.gov/programs/vaccination,https://hudsonregional.gov/programs/vaccination,,,,Yes,No,Outdoors,,9/18/2026 23:32
Approved,Hudson Regional Health Commission,HRHC Vaccination Clinic,"Hudson Regional Health Commission (HRHC), in partnership with Hudson County local health departments, offers free vaccines for eligible children and adults at community vaccination clinics. Flu and COVID-19 vaccines are available on a walk-in basis. Select childhood and adult vaccines require an appointment and advance registration. Appointment requests must be submitted at least one week before the clinic. Visit the HRHC vaccination website for vaccine availability, eligibility information, and appointments: https://hudsonregional.gov/programs/vaccination",10/8/2026,1:00 PM,4:45 PM,"[""Vaccine clinic""]",Hudson,Save Latin America,138 39th Street,Union City,07087,https://hudsonregional.gov/programs/vaccination,https://hudsonregional.gov/programs/vaccination,,,,Yes,No,Indoors,,9/18/2026 23:38
Approved,Hudson Regional Health Commission,HRHC Vaccination Clinic,"Hudson Regional Health Commission (HRHC), in partnership with Hudson County local health departments, offers free vaccines for eligible children and adults at community vaccination clinics. Flu and COVID-19 vaccines are available on a walk-in basis. Select childhood and adult vaccines require an appointment and advance registration. Appointment requests must be submitted at least one week before the clinic. Visit the HRHC vaccination website for vaccine availability, eligibility information, and appointments: https://hudsonregional.gov/programs/vaccination",10/15/2026,1:00 PM,4:45 PM,"[""Vaccine clinic""]",Hudson,Hoboken Multi-Service Center,124 Grand Street,Hoboken,07030,https://hudsonregional.gov/programs/vaccination,https://hudsonregional.gov/programs/vaccination,,,,Yes,No,Indoors,,9/18/2026 23:56
Approved,Hudson Regional Health Commission,HRHC Vaccination Clinic,"Hudson Regional Health Commission (HRHC), in partnership with Hudson County local health departments, offers free vaccines for eligible children and adults at community vaccination clinics. Flu and COVID-19 vaccines are available on a walk-in basis. Select childhood and adult vaccines require an appointment and advance registration. Appointment requests must be submitted at least one week before the clinic. Visit the HRHC vaccination website for vaccine availability, eligibility information, and appointments: https://hudsonregional.gov/programs/vaccination",10/20/2026,10:30 AM,2:15 PM,"[""Vaccine clinic""]",Hudson,North Bergen Recreation Center and Kennedy Branch Library,1231 Kennedy Boulevard,North Bergen,07047,https://hudsonregional.gov/programs/vaccination,https://hudsonregional.gov/programs/vaccination,,,,Yes,No,Indoors,,9/19/2026 2:02
Approved,Hudson Regional Health Commission,HRHC Vaccination Clinic,"Hudson Regional Health Commission (HRHC), in partnership with Hudson County local health departments, offers free vaccines for eligible children and adults at community vaccination clinics. Flu and COVID-19 vaccines are available on a walk-in basis. Select childhood and adult vaccines require an appointment and advance registration. Appointment requests must be submitted at least one week before the clinic. Visit the HRHC vaccination website for vaccine availability, eligibility information, and appointments: https://hudsonregional.gov/programs/vaccination",10/22/2026,1:00 PM,4:45 PM,"[""Vaccine clinic""]",Hudson,Bayonne Public Library,697 Avenue C,Bayonne,07002,https://hudsonregional.gov/programs/vaccination,https://hudsonregional.gov/programs/vaccination,,,,Yes,No,Indoors,,9/19/2026 2:25
Approved,Hudson Regional Health Commission,HRHC Vaccination Clinic,"Hudson Regional Health Commission (HRHC), in partnership with Hudson County local health departments, offers free vaccines for eligible children and adults at community vaccination clinics. Flu and COVID-19 vaccines are available on a walk-in basis. Select childhood and adult vaccines require an appointment and advance registration. Appointment requests must be submitted at least one week before the clinic. Visit the HRHC vaccination website for vaccine availability, eligibility information, and appointments: https://hudsonregional.gov/programs/vaccination",10/26/2026,12:00 PM,3:45 PM,"[""Vaccine clinic""]",Hudson,Memorial Park,460 Kearny Avenue,Kearny,07032,https://hudsonregional.gov/programs/vaccination,https://hudsonregional.gov/programs/vaccination,,,,Yes,No,Outdoors,,9/19/2026 2:31
Approved,Hudson Regional Health Commission,HRHC Vaccination Clinic,"Hudson Regional Health Commission (HRHC), in partnership with Hudson County local health departments, offers free vaccines for eligible children and adults at community vaccination clinics. Flu and COVID-19 vaccines are available on a walk-in basis. Select childhood and adult vaccines require an appointment and advance registration. Appointment requests must be submitted at least one week before the clinic. Visit the HRHC vaccination website for vaccine availability, eligibility information, and appointments: https://hudsonregional.gov/programs/vaccination",9/27/2026,1:00 PM,2:45 PM,"[""Vaccine clinic""]",Hudson,First Wesleyan Church,201 Woodlawn Avenue,Jersey City,07305,https://hudsonregional.gov/programs/vaccination,https://hudsonregional.gov/programs/vaccination,,,,Yes,No,Indoors,,9/21/2026 13:52
Approved,Hudson Regional Health Commission,HRHC Vaccination Clinic,"Hudson Regional Health Commission (HRHC), in partnership with Hudson County local health departments, offers free vaccines for eligible children and adults at community vaccination clinics. Flu and COVID-19 vaccines are available on a walk-in basis. Select childhood and adult vaccines require an appointment and advance registration. Appointment requests must be submitted at least one week before the clinic. Visit the HRHC vaccination website for vaccine availability, eligibility information, and appointments: https://hudsonregional.gov/programs/vaccination",10/3/2026,10:00 AM,1:45 PM,"[""Vaccine clinic""]",Hudson,Jersey City Free Public Library - Priscilla Gardner Main Library,472 Jersey Avenue,Jersey City,07302,https://hudsonregional.gov/programs/vaccination,https://hudsonregional.gov/programs/vaccination,,,,Yes,No,Indoors,,9/21/2026 13:57
Approved,Hudson Regional Health Commission,HRHC Vaccination Clinic,"Hudson Regional Health Commission (HRHC), in partnership with Hudson County local health departments, offers free vaccines for eligible children and adults at community vaccination clinics. Flu and COVID-19 vaccines are available on a walk-in basis. Select childhood and adult vaccines require an appointment and advance registration. Appointment requests must be submitted at least one week before the clinic. Visit the HRHC vaccination website for vaccine availability, eligibility information, and appointments: https://hudsonregional.gov/programs/vaccination",10/6/2026,10:30 AM,3:45 PM,"[""Vaccine clinic""]",Hudson,The Hudson School,422 Willow Avenue,Hoboken,07030,https://hudsonregional.gov/programs/vaccination,https://hudsonregional.gov/programs/vaccination,,,,Yes,No,Indoors,,9/21/2026 14:07
Approved,Hudson Regional Health Commission,HRHC Vaccination Clinic,"Hudson Regional Health Commission (HRHC), in partnership with Hudson County local health departments, offers free vaccines for eligible children and adults at community vaccination clinics. Flu and COVID-19 vaccines are available on a walk-in basis. Select childhood and adult vaccines require an appointment and advance registration. Appointment requests must be submitted at least one week before the clinic. Visit the HRHC vaccination website for vaccine availability, eligibility information, and appointments: https://hudsonregional.gov/programs/vaccination",10/19/2026,3:00 PM,6:45 PM,"[""Vaccine clinic""]",Hudson,Jersey City Free Public Library - Lafayette Branch,307 Pacific Avenue,Jersey City,07304,https://hudsonregional.gov/programs/vaccination,https://hudsonregional.gov/programs/vaccination,,,,Yes,No,Indoors,,9/21/2026 14:18
Approved,Hudson Regional Health Commission,HRHC Vaccination Clinic,"Hudson Regional Health Commission (HRHC), in partnership with Hudson County local health departments, offers free vaccines for eligible children and adults at community vaccination clinics. Flu and COVID-19 vaccines are available on a walk-in basis. Select childhood and adult vaccines require an appointment and advance registration. Appointment requests must be submitted at least one week before the clinic. Visit the HRHC vaccination website for vaccine availability, eligibility information, and appointments: https://hudsonregional.gov/programs/vaccination",10/13/2026,2:00 PM,5:00 PM,"[""Vaccine clinic""]",Hudson,Bayonne Public Library,697 Avenue C,Bayonne,07002,https://hudsonregional.gov/programs/vaccination,https://hudsonregional.gov/programs/vaccination,For NJDOH only: This submission replaces the previous HRHC VFC clinic submission for 10/13,,,Yes,No,Indoors,,9/21/2026 15:07
Approved,Zufall Health,Vaccine Clinic,Flu Vaccine clinic for children and families,10/15/2026,2:30PM,5:00PM,"[""Vaccine clinic""]",Somerset,HOPES CAP ,113 Belmont Drive ,Somerset,08873,,,,,Spanish,Yes,No,Indoors,,9/22/2026 16:56
Approved,Rutherford Health Department,Rutherford Health Fair,"Explore local health, wellness, and community resources while connecting with organizations and services available to you and your family.",10/10/2026,12:00pm,3:00pm,"[""Resources and Screenings""]",Bergen,Rutherford Public Library,150 Park Ave,Rutherford,07070,,https://www.rutherfordboronj.com/departments/health,,"[""Wheelchair accessible""]",,Yes,No,Indoors,No rain Date,9/22/2026 18:30
